X,Y,OBJECTID,Geocode_Address,Geocode_Street,Case_Number,OccurredFrom_Date_Year,OccurredFrom_Date_Month,OccurredFrom_Time,OccurredFrom_Timestamp,OccurredThrough_Date_Year,OccurredThrough_Date_Month,OccurredThrough_Time,OccurredThrough_Timestamp,Reported_Date_Year,Reported_Date_Month,Reported_Time,Reported_Timestamp,Address_StreetFull,Address_City,Address_State,Patrol_Beat,Patrol_Section,Case_Status,Statute_Title,Statute_Section,Statute_Subsection,Statute_Degree,Statute_Class,Statute_Category,Statute_Text,Statute_Description,Statute_CrimeCategory,Statute_Attempted,Weapon_Description,Larceny_Type,Location_Type,Geo_Beat,Geo_Section,Geo_Section_Num
-77.594003971426588,43.191267621133854,106,"54 Van Olinda St, Rochester, NY, 14621",54 VAN OLINDA ST,2018-00049983,2018,3,0649,2018-03-05T06:49:00.000Z,2018,3,0654,2018-03-05T06:54:00.000Z,2018,3,0654,2018-03-05T11:54:00.000Z,54 VAN OLINDA ST,Rochester,NY,237,Clinton,Office,PL ,155.30   ,08    ,4,E,F,Motor Vehicle Theft,Grand Larceny 4th: Motor Vehicle Value Exceeds $100         ,7,Completed,* No Weapon Specified *,All Other Larcenies,Single Family Home,237,Clinton,7
-77.638553209049803,43.190478377181421,666,"1312 Dewey Ave, Rochester, NY, 14613",1312 DEWEY AVE,2018-00050737,2018,3,0100,2018-03-06T01:00:00.000Z,2018,3,0101,2018-03-06T01:01:00.000Z,2018,3,0104,2018-03-06T06:04:00.000Z,1312 DEWEY AVE,Rochester,NY,231,Lake,Office,PL ,140.20   ,      ,3,D,F,Burglary,Burglary 3rd: Illegal Entry with Intent to Commit a Crime   ,5,Completed,* No Weapon Specified *,* No Larceny Type Specified *,Other Building,231,Lake,1
-77.579071557851563,43.181201201790856,924,"113 Northland Ave, Rochester, NY, 14609",113 NORTHLAND AVE,2018-00055216,2018,3,1722,2018-03-11T17:22:00.000Z,2018,3,1722,2018-03-11T17:22:00.000Z,2018,3,1722,2018-03-11T21:22:00.000Z,113 NORTHLAND AVE,Rochester,NY,267,Clinton,Cleared by Arrest - Adult,PL ,165.05   ,01    ,3,A,M,Motor Vehicle Theft,Unauthorized Use of a Vehicle: Without Owner Consent        ,7,Completed,* No Weapon Specified *,Motor Vehicle Theft,Street,267,Clinton,7
-77.566534936318305,43.161428271916776,927,"899 Culver Rd, Rochester, NY, 14609",899 CULVER ROAD,2018-00047108,2018,3,1311,2018-03-01T13:11:00.000Z,2018,3,1311,2018-03-01T13:11:00.000Z,2018,3,1311,2018-03-01T18:11:00.000Z,899 CULVER ROAD,Rochester,NY,225,Goodman,Cleared by Arrest - Adult,PL ,120.14   ,01    ,2,A,M,Aggravated Assault,Menacing 2nd: Weapon                                        ,4,Completed,Knife/Cutting Instrument,* No Larceny Type Specified *,Single Family Home,225,Goodman,5
-77.599498094857211,43.154349009514682,932,"15 Savannah St, Rochester, NY, 14607",15 SAVANNAH ST,2018-00055886,2018,3,1206,2018-03-12T12:06:00.000Z,2018,3,1530,2018-03-12T15:30:00.000Z,2018,3,1530,2018-03-12T19:30:00.000Z,15 SAVANNAH ST,Rochester,NY,219,Central,Office,PL ,155.25   ,      ,0,A,M,Larceny,Petit Larceny                                               ,6,Completed,* No Weapon Specified *,Theft from Building,Multiple Dwelling,219,Central,9
-77.624357925720261,43.123607946274468,942,"601 Elmwood Ave, Rochester, NY, 14620",601 ELMWOOD AVE,2018-00053242,2018,3,2200,2018-03-08T22:00:00.000Z,2018,3,2300,2018-03-08T23:00:00.000Z,2018,3,0134,2018-03-09T06:34:00.000Z,601 ELMWOOD AVE,Rochester,NY,263,Genesee,Field,PL ,155.30   ,04    ,4,E,F,Larceny,Grand Larceny 4th: Credit Card                              ,6,Completed,* No Weapon Specified *,All Other Larcenies,Hospital,263,Genesee,3
-77.624357925720261,43.123607946274468,948,"601 Elmwood Ave, Rochester, NY, 14620",601 ELMWOOD AVE,2018-00053302,2018,3,1900,2018-03-08T19:00:00.000Z,2018,3,0200,2018-03-09T02:00:00.000Z,2018,3,0330,2018-03-09T08:30:00.000Z,601 ELMWOOD AVE,Rochester,NY,263,Genesee,Field,PL ,155.30   ,04    ,4,E,F,Larceny,Grand Larceny 4th: Credit Card                              ,6,Completed,* No Weapon Specified *,Theft from Building,Hospital,263,Genesee,3
-77.626700998244218,43.129819000370816,949,"500 Joseph C Wilson Blvd, Rochester, NY, 14620",500 JOSEPH C WILSON BLVD,2018-00051580,2018,3,0148,2018-03-07T01:48:00.000Z,2018,3,0155,2018-03-07T01:55:00.000Z,2018,3,0148,2018-03-07T06:48:00.000Z,500 JOSEPH C WILSON BLVD,Rochester,NY,263,Genesee,Office,PL ,155.25   ,      ,0,A,M,Larceny,Petit Larceny                                               ,6,Completed,* No Weapon Specified *,Theft from Building,College,263,Genesee,3
-77.590667312192593,43.15634800754701,954,"10 Prince St, Rochester, NY, 14607",10 PRINCE ST,2018-00050898,2018,3,2040,2018-03-05T20:40:00.000Z,2018,3,0935,2018-03-06T09:35:00.000Z,2018,3,0937,2018-03-06T14:37:00.000Z,10 PRINCE ST,Rochester,NY,245,Goodman,Office,PL ,155.25   ,      ,0,A,M,Larceny,Petit Larceny                                               ,6,Completed,* No Weapon Specified *,Theft from Motor Vehicle,Parking Lot,245,Goodman,5
-77.627022307394952,43.228837007491457,955,"3239 Lake Ave, Rochester, NY, 14612",3239 LAKE AVE,2018-00048416,2018,3,2330,2018-03-02T23:30:00.000Z,2018,3,2336,2018-03-02T23:36:00.000Z,2018,3,2336,2018-03-03T04:36:00.000Z,3239 LAKE AVE,Rochester,NY,201,Lake,Field,PL ,140.25   ,02    ,2,C,F,Burglary,Burglary 2nd: Illegal Entry: Dwelling                       ,5,Completed,* No Weapon Specified *,* No Larceny Type Specified *,Multiple Dwelling,201,Lake,1
-77.613317796906472,43.178223257854079,956,"1050 N Clinton Ave, Rochester, NY, 14621",1050 N CLINTON AVE,2018-00049858,2018,3,0500,2018-03-04T05:00:00.000Z,2018,3,2330,2018-03-04T23:30:00.000Z,2018,3,2351,2018-03-05T04:51:00.000Z,1050 N CLINTON AVE,Rochester,NY,247,Clinton,Office,PL ,155.25   ,      ,0,A,M,Larceny,Petit Larceny                                               ,6,Completed,* No Weapon Specified *,Theft from Motor Vehicle,Multiple Dwelling,247,Clinton,7
-77.626809830531968,43.165066390281531,961,"711 N Plymouth Ave, Rochester, NY, 14608",711 S PLYMOUTH AVE,2018-00048600,2018,3,2300,2018-03-02T23:00:00.000Z,2018,3,0830,2018-03-03T08:30:00.000Z,2018,3,0857,2018-03-03T13:57:00.000Z,711 S PLYMOUTH AVE,Rochester,NY,233,Genesee,Office,PL ,155.30   ,04    ,4,E,F,Larceny,Grand Larceny 4th: Credit Card                              ,6,Completed,* No Weapon Specified *,Motor Vehicle Theft,Street,271,Lake,1
-77.636065676860653,43.165204341440152,962,"33 Sherman St, Rochester, NY, 14606",33 SHERMAN ST,2018-00050547,2018,3,0520,2018-03-05T05:20:00.000Z,2018,3,1530,2018-03-05T15:30:00.000Z,2018,3,1652,2018-03-05T21:52:00.000Z,33 SHERMAN ST,Rochester,NY,261,Lake,Office,PL ,140.25   ,02    ,2,C,F,Burglary,Burglary 2nd: Illegal Entry: Dwelling                       ,5,Completed,* No Weapon Specified *,* No Larceny Type Specified *,Multiple Dwelling,261,Lake,1
-77.597075927984548,43.156542882031211,1006,"17 Pitkin St, Rochester, NY, 14607",17 PITKIN ST,2018-00052046,2018,3,1200,2018-03-07T12:00:00.000Z,2018,3,1700,2018-03-07T17:00:00.000Z,2018,3,1726,2018-03-07T22:26:00.000Z,17 PITKIN ST,Rochester,NY,219,Central,Field,PL ,140.20   ,      ,3,D,F,Burglary,Burglary 3rd: Illegal Entry with Intent to Commit a Crime   ,5,Completed,* No Weapon Specified *,* No Larceny Type Specified *,Other Business Office,219,Central,9
-77.641168164667093,43.216434710033624,1254,"2604 Dewey Ave, Rochester, NY, 14616",2604 DEWEY AVE,2018-00048428,2018,3,2352,2018-03-02T23:52:00.000Z,2018,3,2352,2018-03-02T23:52:00.000Z,2018,3,2352,2018-03-03T04:52:00.000Z,2604 DEWEY AVE,Rochester,NY,211,Lake,Field,PL ,160.15   ,04    ,1,B,F,Robbery,Robbery 1st: Displays What Appears To Be a Firearm          ,3,Completed,Firearm,* No Larceny Type Specified *,Multiple Dwelling,211,Lake,1
-77.626084294985731,43.236361664180571,1625,"81 Lakeshire Rd, Rochester, NY, 14612",81 LAKESHIRE ROAD,2018-00046833,2018,3,0520,2018-03-01T05:20:00.000Z,2018,3,0520,2018-03-01T05:20:00.000Z,2018,3,0520,2018-03-01T10:20:00.000Z,81 LAKESHIRE ROAD,Rochester,NY,201,Lake,Office,PL ,155.30   ,08    ,4,E,F,Motor Vehicle Theft,Grand Larceny 4th: Motor Vehicle Value Exceeds $100         ,7,Completed,* No Weapon Specified *,Motor Vehicle Theft,Single Family Home,201,Lake,1
-77.607786937150109,43.174198583447343,1928,"547 Joseph Ave, Rochester, NY, 14605",547 JOSEPH AVE,2018-00047391,2018,3,2007,2018-03-01T20:07:00.000Z,2018,3,2007,2018-03-01T20:07:00.000Z,2018,3,2007,2018-03-02T01:07:00.000Z,547 JOSEPH AVE,Rochester,NY,277,Clinton,Warrant Advised,PL ,120.14   ,01    ,2,A,M,Aggravated Assault,Menacing 2nd: Weapon                                        ,4,Completed,Knife/Cutting Instrument,* No Larceny Type Specified *,Multiple Dwelling,277,Clinton,7
-77.585446748191899,43.14947503130977,2391,"389 Park Ave, Rochester, NY, 14607",389 PARK AVE,2018-00050801,2018,3,2000,2018-03-05T20:00:00.000Z,2018,3,0500,2018-03-06T05:00:00.000Z,2018,3,0545,2018-03-06T10:45:00.000Z,389 PARK AVE,Rochester,NY,245,Goodman,Office,PL ,155.25   ,      ,0,A,M,Larceny,Petit Larceny                                               ,6,Completed,* No Weapon Specified *,Theft from Motor Vehicle,Street,245,Goodman,5
-77.653452061533343,43.134449390331099,3465,"85 Hillendale St, Rochester, NY, 14619",85 HILLENDALE ST,2018-00055533,2018,3,2300,2018-03-11T23:00:00.000Z,2018,3,0200,2018-03-12T02:00:00.000Z,2018,3,0514,2018-03-12T09:14:00.000Z,85 HILLENDALE ST,Rochester,NY,243,Genesee,Warrant Application,PL ,155.25   ,      ,0,A,M,Larceny,Petit Larceny                                               ,6,Completed,* No Weapon Specified *,All Other Larcenies,Multiple Dwelling,243,Genesee,3
-77.657876149359737,43.194073807364539,5748,"1020 Ridgeway Ave, Rochester, NY, 14615",1020 RIDGEWAY AVE,2018-00049466,2018,3,0000,2018-03-03T00:00:00.000Z,2018,3,1126,2018-03-04T11:26:00.000Z,2018,3,1126,2018-03-04T16:26:00.000Z,1020 RIDGEWAY AVE,Rochester,NY,221,Lake,Warrant Application,PL ,165.05   ,01    ,3,A,M,Motor Vehicle Theft,Unauthorized Use of a Vehicle: Without Owner Consent        ,7,Completed,* No Weapon Specified *,Motor Vehicle Theft,Parking Lot,221,Lake,1
-77.624357925720261,43.123607946274468,6571,"601 Elmwood Ave, Rochester, NY, 14620",601 ELMWOOD AVE,2018-00047748,2018,3,0810,2018-03-02T08:10:00.000Z,2018,3,0900,2018-03-02T09:00:00.000Z,2018,3,0815,2018-03-02T13:15:00.000Z,601 ELMWOOD AVE,Rochester,NY,263,Genesee,Cleared by Arrest - Adult,PL ,140.20   ,      ,3,D,F,Burglary,Burglary 3rd: Illegal Entry with Intent to Commit a Crime   ,5,Completed,* No Weapon Specified *,* No Larceny Type Specified *,Hospital,263,Genesee,3
-77.639355631786017,43.193081658240374,7946,"1431 Dewey Ave, Rochester, NY, 14615",1431 DEWEY AVE,2018-00052317,2018,3,2350,2018-03-07T23:50:00.000Z,2018,3,0000,2018-03-08T00:00:00.000Z,2018,3,0000,2018-03-08T05:00:00.000Z,1431 DEWEY AVE,Rochester,NY,221,Lake,Office,PL ,155.25   ,      ,0,A,M,Larceny,Petit Larceny                                               ,6,Completed,* No Weapon Specified *,Shoplifting,Gas Station,221,Lake,1
-77.639355631786017,43.193081658240374,7947,"1431 Dewey Ave, Rochester, NY, 14615",1431 DEWEY AVE,2018-00051585,2018,3,0201,2018-03-07T02:01:00.000Z,2018,3,0203,2018-03-07T02:03:00.000Z,2018,3,0203,2018-03-07T07:03:00.000Z,1431 DEWEY AVE,Rochester,NY,221,Lake,Office,PL ,155.25   ,      ,0,A,M,Larceny,Petit Larceny                                               ,6,Completed,* No Weapon Specified *,Shoplifting,Gas Station,221,Lake,1
-77.605933927778338,43.153271670923075,9055,"15 St Marys Pl, Rochester, NY, 14604",15 ST MARYS PL,2018-00050595,2018,3,1830,2018-03-05T18:30:00.000Z,2018,3,1830,2018-03-05T18:30:00.000Z,2018,3,2023,2018-03-06T01:23:00.000Z,15 ST MARYS PL,Rochester,NY,219,Central,Office,PL ,155.25   ,      ,0,A,M,Larceny,Petit Larceny                                               ,6,Completed,* No Weapon Specified *,Theft from Motor Vehicle,Street,219,Central,9
-77.609783033619351,43.170427836648571,9896,"285 Upper Falls Blvd, Rochester, NY, 14605",285 UPPER FALLS BLVD,2018-00054446,2018,3,1553,2018-03-10T15:53:00.000Z,2018,3,1553,2018-03-10T15:53:00.000Z,2018,3,1553,2018-03-10T20:53:00.000Z,285 UPPER FALLS BLVD,Rochester,NY,287,Clinton,Cleared by Arrest - Adult,PL ,155.25   ,      ,0,A,M,Larceny,Petit Larceny                                               ,6,Completed,* No Weapon Specified *,Shoplifting,Grocery/Supermarket,287,Clinton,7
-77.609783033619351,43.170427836648571,9897,"285 Upper Falls Blvd, Rochester, NY, 14605",285 UPPER FALLS BLVD,2018-00048813,2018,3,1416,2018-03-03T14:16:00.000Z,2018,3,1416,2018-03-03T14:16:00.000Z,2018,3,1416,2018-03-03T19:16:00.000Z,285 UPPER FALLS BLVD,Rochester,NY,287,Clinton,Cleared by Arrest - Adult,PL ,155.25   ,      ,0,A,M,Larceny,Petit Larceny                                               ,6,Completed,* No Weapon Specified *,Shoplifting,Grocery/Supermarket,287,Clinton,7
-77.628364747605119,43.172945418963806,10304,"440 Lake Ave, Rochester, NY, 14613",440 LAKE AVE,2018-00056218,2018,3,0025,2018-03-13T00:25:00.000Z,2018,3,0030,2018-03-13T00:30:00.000Z,2018,3,0041,2018-03-13T04:41:00.000Z,440 LAKE AVE,Rochester,NY,271,Lake,Office,PL ,155.25   ,      ,0,A,M,Larceny,Petit Larceny                                               ,6,Completed,* No Weapon Specified *,Purse-snatching,Street,271,Lake,1
-77.599984819539443,43.172345537905102,10876,"1 Wadsworth St, Rochester, NY, 14605",1 WADSWORTH ST,2018-00047190,2018,3,1500,2018-03-01T15:00:00.000Z,2018,3,1512,2018-03-01T15:12:00.000Z,2018,3,1512,2018-03-01T20:12:00.000Z,1 WADSWORTH ST,Rochester,NY,277,Clinton,Field,PL ,160.15   ,04    ,1,B,F,Robbery,Robbery 1st: Displays What Appears To Be a Firearm          ,3,Completed,Semiautomatic Handgun,* No Larceny Type Specified *,Street,277,Clinton,7
-77.651811107452517,43.202984587930359,11066,"933 W Ridge Rd, Rochester, NY, 14615",933 W RIDGE ROAD,2018-00052363,2018,3,0151,2018-03-08T01:51:00.000Z,2018,3,0151,2018-03-08T01:51:00.000Z,2018,3,0151,2018-03-08T06:51:00.000Z,933 W RIDGE ROAD,Rochester,NY,221,Lake,Field,PL ,155.25   ,      ,0,A,M,Larceny,Petit Larceny                                               ,6,Completed,* No Weapon Specified *,Shoplifting,Gas Station,221,Lake,1
-77.612833612552905,43.188496855508141,11657,"1550 N Clinton Ave, Rochester, NY, 14621",1550 N CLINTON AVE,2018-00046816,2018,3,0230,2018-03-01T02:30:00.000Z,2018,3,0230,2018-03-01T02:30:00.000Z,2018,3,0302,2018-03-01T08:02:00.000Z,1550 N CLINTON AVE,Rochester,NY,207,Clinton,Cleared by Arrest - Adult,PL ,160.05   ,      ,3,D,F,Robbery,Robbery 3rd                                                 ,3,Attempted,Personal Weapons,* No Larceny Type Specified *,Street,207,Clinton,7
-77.637286948582855,43.195632346326896,12538,"142 Avis St, Rochester, NY, 14615",142 AVIS ST,2018-00051928,2018,3,1800,2018-03-06T18:00:00.000Z,2018,3,1800,2018-03-06T18:00:00.000Z,2018,3,1520,2018-03-07T20:20:00.000Z,142 AVIS ST,Rochester,NY,211,Lake,Warrant Advised,PL ,155.25   ,      ,0,A,M,Larceny,Petit Larceny                                               ,6,Completed,* No Weapon Specified *,Theft from Building,Single Family Home,211,Lake,1
-77.651331670306377,43.189058011979796,13428,"125 Arborwood Cres, Rochester, NY, 14615",125 ARBORWOOD CRES,2018-00046689,2018,2,2219,2018-02-28T22:19:00.000Z,2018,2,2219,2018-02-28T22:19:00.000Z,2018,2,2219,2018-03-01T03:19:00.000Z,125 ARBORWOOD CRES,Rochester,NY,221,Lake,Cleared by Arrest - Adult,PL ,120.14   ,01    ,2,A,M,Aggravated Assault,Menacing 2nd: Weapon                                        ,4,Completed,Knife/Cutting Instrument,* No Larceny Type Specified *,Multiple Dwelling,221,Lake,1
-77.583096470908472,43.140650204896204,13691,"970 Monroe Ave, Rochester, NY, 14620",970 MONROE AVE,2018-00049227,2018,3,2000,2018-03-03T20:00:00.000Z,2018,3,0050,2018-03-04T00:50:00.000Z,2018,3,0100,2018-03-04T06:00:00.000Z,970 MONROE AVE,Rochester,NY,255,Goodman,Office,PL ,155.25   ,      ,0,A,M,Larceny,Petit Larceny                                               ,6,Completed,* No Weapon Specified *,All Other Larcenies,Multiple Dwelling,255,Goodman,5
-77.634804966060912,43.159478527904405,15570,"542 Jay St, Rochester, NY, 14611",542 JAY ST,2018-00049842,2018,3,2317,2018-03-04T23:17:00.000Z,2018,3,2317,2018-03-04T23:17:00.000Z,2018,3,2318,2018-03-05T04:18:00.000Z,542 JAY ST,Rochester,NY,291,Lake,Office,PL ,155.30   ,08    ,4,E,F,Motor Vehicle Theft,Grand Larceny 4th: Motor Vehicle Value Exceeds $100         ,7,Completed,* No Weapon Specified *,Motor Vehicle Theft,Street,291,Lake,1
-77.600345017788868,43.193378711112139,15686,"1475 Hudson Ave, Rochester, NY, 14621",1475 HUDSON AVE,2018-00049677,2018,3,1735,2018-03-04T17:35:00.000Z,2018,3,1735,2018-03-04T17:35:00.000Z,2018,3,1743,2018-03-04T22:43:00.000Z,1475 HUDSON AVE,Rochester,NY,207,Clinton,Office,PL ,155.25   ,      ,0,A,M,Larceny,Petit Larceny                                               ,6,Completed,* No Weapon Specified *,All Other Larcenies,Dry Cleaners/Laundry,207,Clinton,7
-77.595670989988903,43.175034488253878,16253,"917 North St, Rochester, NY, 14605",917 NORTH ST,2018-00050638,2018,3,2136,2018-03-05T21:36:00.000Z,2018,3,2136,2018-03-05T21:36:00.000Z,2018,3,2136,2018-03-06T02:36:00.000Z,917 NORTH ST,Rochester,NY,277,Clinton,Warrant Application,PL ,165.05   ,01    ,3,A,M,Motor Vehicle Theft,Unauthorized Use of a Vehicle: Without Owner Consent        ,7,Completed,* No Weapon Specified *,Motor Vehicle Theft,Gas Station,277,Clinton,7
-77.599155713765583,43.17512122461779,16380,"585 Hudson Ave, Rochester, NY, 14605",585 HUDSON AVE,2018-00047559,2018,3,0020,2018-03-02T00:20:00.000Z,2018,3,0020,2018-03-02T00:20:00.000Z,2018,3,0025,2018-03-02T05:25:00.000Z,585 HUDSON AVE,Rochester,NY,277,Clinton,Office,PL ,155.30   ,05    ,4,E,F,Larceny,Grand Larceny 4th: Property Taken From Person               ,6,Completed,* No Weapon Specified *,Purse-snatching,Street,277,Clinton,7
-77.639109378770911,43.179617418785369,16974,"780 Dewey Ave, Rochester, NY, 14613",780 DEWEY AVE,2018-00054108,2018,3,0130,2018-03-10T01:30:00.000Z,2018,3,0145,2018-03-10T01:45:00.000Z,2018,3,0156,2018-03-10T06:56:00.000Z,780 DEWEY AVE,Rochester,NY,251,Lake,Office,PL ,155.25   ,      ,0,A,M,Larceny,Petit Larceny                                               ,6,Completed,* No Weapon Specified *,Shoplifting,Gas Station,251,Lake,1
-77.642132689052389,43.158525625471633,18457,"399 Colvin St, Rochester, NY, 14611",399 COLVIN ST,2018-00047494,2018,3,2234,2018-03-01T22:34:00.000Z,2018,3,2234,2018-03-01T22:34:00.000Z,2018,3,2234,2018-03-02T03:34:00.000Z,399 COLVIN ST,Rochester,NY,291,Lake,Office,PL ,140.20   ,      ,3,D,F,Burglary,Burglary 3rd: Illegal Entry with Intent to Commit a Crime   ,5,Completed,* No Weapon Specified *,* No Larceny Type Specified *,Other Residential,291,Lake,1
-77.621088151487868,43.149352625031646,18848,"164 Van Auker St, Rochester, NY, 14608",164 VAN AUKER ST,2018-00052727,2018,3,2300,2018-03-07T23:00:00.000Z,2018,3,1420,2018-03-08T14:20:00.000Z,2018,3,1435,2018-03-08T19:35:00.000Z,164 VAN AUKER ST,Rochester,NY,213,Genesee,Office,PL ,155.25   ,      ,0,A,M,Larceny,Petit Larceny                                               ,6,Completed,* No Weapon Specified *,Theft from Motor Vehicle,Parking Lot,213,Genesee,3
-77.580161798659702,43.171639122662533,18867,"27 Frances St, Rochester, NY, 14609",27 FRANCES ST,2018-00046982,2018,2,2330,2018-02-28T23:30:00.000Z,2018,3,0646,2018-03-01T06:46:00.000Z,2018,3,1020,2018-03-01T15:20:00.000Z,27 FRANCES ST,Rochester,NY,267,Clinton,Office,PL ,155.25   ,      ,0,A,M,Larceny,Petit Larceny                                               ,6,Completed,* No Weapon Specified *,Theft from Motor Vehicle,Other Residential,267,Clinton,7
-77.638857944867766,43.13954452827182,19070,"96 Aberdeen St, Rochester, NY, 14619",96 ABERDEEN ST,2018-00050728,2018,3,0055,2018-03-06T00:55:00.000Z,2018,3,0055,2018-03-06T00:55:00.000Z,2018,3,0055,2018-03-06T05:55:00.000Z,96 ABERDEEN ST,Rochester,NY,253,Genesee,Warrant Application,PL ,155.25   ,      ,0,A,M,Larceny,Petit Larceny                                               ,6,Completed,* No Weapon Specified *,All Other Larcenies,Single Family Home,253,Genesee,3
-77.626282106385801,43.145988805040759,19524,"167 Reynolds St, Rochester, NY, 14608",167 REYNOLDS ST,2018-00052783,2018,3,1700,2018-03-06T17:00:00.000Z,2018,3,1501,2018-03-08T15:01:00.000Z,2018,3,1501,2018-03-08T20:01:00.000Z,167 REYNOLDS ST,Rochester,NY,233,Genesee,Office,PL ,140.25   ,02    ,2,C,F,Burglary,Burglary 2nd: Illegal Entry: Dwelling                       ,5,Completed,* No Weapon Specified *,* No Larceny Type Specified *,Single Family Home,233,Genesee,3
-77.607765805506347,43.158011464028959,21048,"71 Mortimer St, Rochester, NY, 14604",71 MORTIMER ST,2018-00054399,2018,3,1430,2018-03-10T14:30:00.000Z,2018,3,1500,2018-03-10T15:00:00.000Z,2018,3,1507,2018-03-10T20:07:00.000Z,71 MORTIMER ST,Rochester,NY,219,Central,Office,PL ,155.25   ,      ,0,A,M,Larceny,Petit Larceny                                               ,6,Completed,* No Weapon Specified *,All Other Larcenies,Other Outside Location,219,Central,9
-77.58098094790347,43.185368730581587,21807,"104 Jackson St, Rochester, NY, 14621",104 JACKSON ST,2018-00055660,2018,3,1036,2018-03-12T10:36:00.000Z,2018,3,1036,2018-03-12T10:36:00.000Z,2018,3,1036,2018-03-12T14:36:00.000Z,104 JACKSON ST,Rochester,NY,237,Clinton,Office,PL ,155.25   ,      ,0,A,M,Larceny,Petit Larceny                                               ,6,Completed,* No Weapon Specified *,All Other Larcenies,Multiple Dwelling,237,Clinton,7
-77.635359947324702,43.132553793190162,24391,"193 Barton St, Rochester, NY, 14611",193 BARTON ST,2018-00048102,2018,3,2000,2018-03-01T20:00:00.000Z,2018,3,0800,2018-03-02T08:00:00.000Z,2018,3,1600,2018-03-02T21:00:00.000Z,193 BARTON ST,Rochester,NY,253,Genesee,Office,PL ,155.25   ,      ,0,A,M,Larceny,Petit Larceny                                               ,6,Completed,* No Weapon Specified *,All Other Larcenies,Single Family Home,253,Genesee,3
-77.625987032143939,43.166293697258922,28025,"134 Spencer St, Rochester, NY, 14608",134 SPENCER ST,2018-00051527,2018,3,2343,2018-03-06T23:43:00.000Z,2018,3,2343,2018-03-06T23:43:00.000Z,2018,3,2343,2018-03-07T04:43:00.000Z,134 SPENCER ST,Rochester,NY,271,Lake,Cleared by Arrest - Adult,PL ,120.05   ,06    ,2,D,F,Aggravated Assault,Assault 2nd: Cause Injury to Non Participant During Commissi,4,Completed,Personal Weapons,* No Larceny Type Specified *,Single Family Home,271,Lake,1
-77.612913842918047,43.175318075396184,29264,"892 N Clinton Ave, Rochester, NY, 14621",892 N CLINTON AVE,2018-00051145,2018,3,2200,2018-03-05T22:00:00.000Z,2018,3,2200,2018-03-05T22:00:00.000Z,2018,3,1439,2018-03-06T19:39:00.000Z,892 N CLINTON AVE,Rochester,NY,247,Clinton,Field,PL ,160.15   ,02    ,1,B,F,Robbery,Robbery 1st: Forcible Theft Armed With a Deadly Weapon      ,3,Completed,Semiautomatic Handgun,* No Larceny Type Specified *,Street,247,Clinton,7
-77.587315247721676,43.142614049578,29411,"797 Monroe Ave, Rochester, NY, 14607",797 MONROE AVE,2018-00052238,2018,3,1835,2018-03-07T18:35:00.000Z,2018,3,1910,2018-03-07T19:10:00.000Z,2018,3,2150,2018-03-08T02:50:00.000Z,797 MONROE AVE,Rochester,NY,265,Goodman,Office,PL ,155.25   ,      ,0,A,M,Larceny,Petit Larceny                                               ,6,Completed,* No Weapon Specified *,All Other Larcenies,Public Transit Vehicle,265,Goodman,5
-77.639377705548043,43.190550149311186,29722,"1325 Dewey Ave, Rochester, NY, 14613",1325 DEWEY AVE,2018-00050147,2018,3,1114,2018-03-05T11:14:00.000Z,2018,3,1119,2018-03-05T11:19:00.000Z,2018,3,1119,2018-03-05T16:19:00.000Z,1325 DEWEY AVE,Rochester,NY,221,Lake,Office,PL ,155.25   ,      ,0,A,M,Larceny,Petit Larceny                                               ,6,Completed,* No Weapon Specified *,Theft from Building,Department/Discount Store,221,Lake,1
-77.635665516029917,43.191522333891541,30693,"207 Clay Ave, Rochester, NY, 14613",207 CLAY AVE,2018-00055901,2018,3,0730,2018-03-11T07:30:00.000Z,2018,3,1500,2018-03-12T15:00:00.000Z,2018,3,1540,2018-03-12T19:40:00.000Z,207 CLAY AVE,Rochester,NY,231,Lake,Office,PL ,155.25   ,      ,0,A,M,Larceny,Petit Larceny                                               ,6,Completed,* No Weapon Specified *,Theft from Motor Vehicle,Yard,231,Lake,1
-77.63792914945067,43.164412772743461,32124,"437 Lyell Ave, Rochester, NY, 14606",437 LYELL AVE,2018-00052838,2018,3,1644,2018-03-08T16:44:00.000Z,2018,3,1644,2018-03-08T16:44:00.000Z,2018,3,1644,2018-03-08T21:44:00.000Z,437 LYELL AVE,Rochester,NY,291,Lake,Cleared by Arrest - Adult,PL ,155.25   ,      ,0,A,M,Larceny,Petit Larceny                                               ,6,Completed,* No Weapon Specified *,Shoplifting,Drug Store,291,Lake,1
-77.63792914945067,43.164412772743461,32125,"437 Lyell Ave, Rochester, NY, 14606",437 LYELL AVE,2018-00047241,2018,3,1644,2018-03-01T16:44:00.000Z,2018,3,1644,2018-03-01T16:44:00.000Z,2018,3,1644,2018-03-01T21:44:00.000Z,437 LYELL AVE,Rochester,NY,291,Lake,Office,PL ,155.25   ,      ,0,A,M,Larceny,Petit Larceny                                               ,6,Completed,* No Weapon Specified *,All Other Larcenies,Drug Store,291,Lake,1
-77.631028758161719,43.178547669079727,33374,"710 Lake Ave, Rochester, NY, 14613",710 LAKE AVE,2018-00051108,2018,3,1425,2018-03-06T14:25:00.000Z,2018,3,1425,2018-03-06T14:25:00.000Z,2018,3,1425,2018-03-06T19:25:00.000Z,710 LAKE AVE,Rochester,NY,251,Lake,Cleared by Arrest - Adult,PL ,155.25   ,      ,0,A,M,Larceny,Petit Larceny                                               ,6,Completed,* No Weapon Specified *,Shoplifting,Grocery/Supermarket,251,Lake,1
-77.631028758161719,43.178547669079727,33375,"710 Lake Ave, Rochester, NY, 14613",710 LAKE AVE,2018-00047303,2018,3,1430,2018-03-01T14:30:00.000Z,2018,3,1630,2018-03-01T16:30:00.000Z,2018,3,1757,2018-03-01T22:57:00.000Z,710 LAKE AVE,Rochester,NY,251,Lake,Office,PL ,155.25   ,      ,0,A,M,Larceny,Petit Larceny                                               ,6,Completed,* No Weapon Specified *,All Other Larcenies,Grocery/Supermarket,251,Lake,1
-77.642465627043023,43.16879169120876,34242,"443 Murray St, Rochester, NY, 14606",443 MURRAY ST,2018-00054761,2018,3,1700,2018-03-10T17:00:00.000Z,2018,3,2320,2018-03-10T23:20:00.000Z,2018,3,2320,2018-03-11T04:20:00.000Z,443 MURRAY ST,Rochester,NY,261,Lake,Office,PL ,140.25   ,02    ,2,C,F,Burglary,Burglary 2nd: Illegal Entry: Dwelling                       ,5,Completed,* No Weapon Specified *,* No Larceny Type Specified *,Single Family Home,261,Lake,1
-77.641030971277189,43.145330465511918,36114,"165 Wellington Ave, Rochester, NY, 14611",165 WELLINGTON AVE,2018-00046849,2018,3,0020,2018-03-01T00:20:00.000Z,2018,3,0700,2018-03-01T07:00:00.000Z,2018,3,0710,2018-03-01T12:10:00.000Z,165 WELLINGTON AVE,Rochester,NY,223,Genesee,Office,PL ,155.25   ,      ,0,A,M,Larceny,Petit Larceny                                               ,6,Completed,* No Weapon Specified *,Theft from Motor Vehicle,Other Residential,223,Genesee,3
-77.584028399952246,43.187049919609258,36176,"1164 Portland Ave, Rochester, NY, 14621",1164 PORTLAND AVE,2018-00051823,2018,3,1200,2018-03-03T12:00:00.000Z,2018,3,1054,2018-03-06T10:54:00.000Z,2018,3,1225,2018-03-07T17:25:00.000Z,1164 PORTLAND AVE,Rochester,NY,237,Clinton,Office,PL ,155.25   ,      ,0,A,M,Larceny,Petit Larceny                                               ,6,Completed,* No Weapon Specified *,All Other Larcenies,Other Outside Location,237,Clinton,7
-77.576694695151701,43.147754955759105,36836,"707 Park Ave, Rochester, NY, 14607",707 PARK AVE,2018-00049207,2018,3,0001,2018-03-04T00:01:00.000Z,2018,3,0028,2018-03-04T00:28:00.000Z,2018,3,0028,2018-03-04T05:28:00.000Z,707 PARK AVE,Rochester,NY,245,Goodman,Exceptional Clearance,PL ,155.25   ,      ,0,A,M,Larceny,Petit Larceny                                               ,6,Completed,* No Weapon Specified *,All Other Larcenies,Restaurant,245,Goodman,5
-77.625970021303274,43.148061567925858,37312,"388 Tremont St, Rochester, NY, 14608",388 TREMONT ST,2018-00053832,2018,3,1845,2018-03-09T18:45:00.000Z,2018,3,1845,2018-03-09T18:45:00.000Z,2018,3,1853,2018-03-09T23:53:00.000Z,388 TREMONT ST,Rochester,NY,213,Genesee,Office,PL ,155.25   ,      ,0,A,M,Larceny,Petit Larceny                                               ,6,Completed,* No Weapon Specified *,All Other Larcenies,Street,213,Genesee,3
-77.589462675364828,43.144232493760725,37731,"694 Monroe Ave, Rochester, NY, 14607",694 MONROE AVE,2018-00052725,2018,3,1500,2018-03-07T15:00:00.000Z,2018,3,1500,2018-03-07T15:00:00.000Z,2018,3,1435,2018-03-08T19:35:00.000Z,694 MONROE AVE,Rochester,NY,245,Goodman,Office,PL ,155.25   ,      ,0,A,M,Larceny,Petit Larceny                                               ,6,Completed,* No Weapon Specified *,Pocket-picking,Other Outside Location,265,Goodman,5
-77.640873663211337,43.176271619654621,38210,"21 Finch St, Rochester, NY, 14613",21 FINCH ST,2018-00051252,2018,3,1400,2018-03-06T14:00:00.000Z,2018,3,1722,2018-03-06T17:22:00.000Z,2018,3,1722,2018-03-06T22:22:00.000Z,21 FINCH ST,Rochester,NY,241,Lake,Field,PL ,140.25   ,02    ,2,C,F,Burglary,Burglary 2nd: Illegal Entry: Dwelling                       ,5,Completed,* No Weapon Specified *,* No Larceny Type Specified *,Multiple Dwelling,241,Lake,1
-77.627866867063062,43.165552250607249,38560,"210 Spencer St, Rochester, NY, 14608",210 SPENCER ST,2018-00054189,2018,3,2100,2018-03-09T21:00:00.000Z,2018,3,0630,2018-03-10T06:30:00.000Z,2018,3,0712,2018-03-10T12:12:00.000Z,210 SPENCER ST,Rochester,NY,271,Lake,Office,PL ,155.25   ,      ,0,A,M,Larceny,Petit Larceny                                               ,6,Completed,* No Weapon Specified *,All Other Larcenies,Multiple Dwelling,271,Lake,1
-77.622915676502814,43.164059038296756,38714,"547 State St, Rochester, NY, 14608",547 STATE ST,2018-00048706,2018,3,1030,2018-03-03T10:30:00.000Z,2018,3,1250,2018-03-03T12:50:00.000Z,2018,3,1250,2018-03-03T17:50:00.000Z,547 STATE ST,Rochester,NY,209,Central,Office,PL ,140.20   ,      ,3,D,F,Burglary,Burglary 3rd: Illegal Entry with Intent to Commit a Crime   ,5,Completed,* No Weapon Specified *,* No Larceny Type Specified *,Restaurant,209,Central,9
-77.599619007101197,43.180627870119238,40810,"865 Hudson Ave, Rochester, NY, 14621",865 HUDSON AVE,2018-00048700,2018,3,2145,2018-03-02T21:45:00.000Z,2018,3,2150,2018-03-02T21:50:00.000Z,2018,3,1217,2018-03-03T17:17:00.000Z,865 HUDSON AVE,Rochester,NY,257,Clinton,Office,PL ,155.25   ,      ,0,A,M,Larceny,Petit Larceny                                               ,6,Completed,* No Weapon Specified *,Theft from Building,Grocery/Supermarket,257,Clinton,7
-77.601525307712166,43.156685969386032,41063,"107 East Ave, Rochester, NY, 14604",107 EAST AVE,2018-00049174,2018,3,2300,2018-03-03T23:00:00.000Z,2018,3,2330,2018-03-03T23:30:00.000Z,2018,3,2341,2018-03-05T04:41:00.000Z,107 EAST AVE,Rochester,NY,219,Central,Office,PL ,155.25   ,      ,0,A,M,Larceny,Petit Larceny                                               ,6,Completed,* No Weapon Specified *,All Other Larcenies,Bar,219,Central,9
-77.558556070030562,43.176940756782095,41726,"19 Meredith St, Rochester, NY, 14609",19 MEREDITH ST,2018-00050579,2018,3,1430,2018-03-03T14:30:00.000Z,2018,3,1800,2018-03-04T18:00:00.000Z,2018,3,1930,2018-03-06T00:30:00.000Z,19 MEREDITH ST,Rochester,NY,205,Goodman,Office,PL ,155.25   ,      ,0,A,M,Larceny,Petit Larceny                                               ,6,Completed,* No Weapon Specified *,All Other Larcenies,Other Outside Location,205,Goodman,5
-77.564687474316983,43.158916195425441,42963,"1801 E Main St, Rochester, NY, 14609",1801 E MAIN ST,2018-00052734,2018,3,1100,2018-03-08T11:00:00.000Z,2018,3,1115,2018-03-08T11:15:00.000Z,2018,3,1458,2018-03-08T19:58:00.000Z,1801 E MAIN ST,Rochester,NY,235,Goodman,Office,PL ,155.25   ,      ,0,A,M,Larceny,Petit Larceny                                               ,6,Completed,* No Weapon Specified *,All Other Larcenies,School,235,Goodman,5
-77.557100923728143,43.14650297085344,44068,"1750 East Ave, Rochester, NY, 14610",1750 EAST AVE,2018-00049914,2018,3,0201,2018-03-05T02:01:00.000Z,2018,3,0201,2018-03-05T02:01:00.000Z,2018,3,0201,2018-03-05T07:01:00.000Z,1750 EAST AVE,Rochester,NY,255,Goodman,Cleared by Arrest - Adult,PL ,155.25   ,      ,0,A,M,Larceny,Petit Larceny                                               ,6,Completed,* No Weapon Specified *,Shoplifting,Grocery/Supermarket,255,Goodman,5
-77.629864676365855,43.193409786823928,44306,"1469 Lake Ave, Rochester, NY, 14615",1469 LAKE AVE,2018-00048488,2018,3,0133,2018-03-03T01:33:00.000Z,2018,3,0133,2018-03-03T01:33:00.000Z,2018,3,0133,2018-03-03T06:33:00.000Z,1469 LAKE AVE,Rochester,NY,231,Lake,Cleared by Arrest - Adult,PL ,160.15   ,03    ,1,B,F,Robbery,Robbery 1st: Use/Threatens Use of Dangerous Instrument      ,3,Completed,Knife/Cutting Instrument,* No Larceny Type Specified *,Gas Station,231,Lake,1
-77.629864676365855,43.193409786823928,44307,"1469 Lake Ave, Rochester, NY, 14615",1469 LAKE AVE,2018-00048488,2018,3,0133,2018-03-03T01:33:00.000Z,2018,3,0133,2018-03-03T01:33:00.000Z,2018,3,0133,2018-03-03T06:33:00.000Z,1469 LAKE AVE,Rochester,NY,231,Lake,Cleared by Arrest - Adult,PL ,160.15   ,03    ,1,B,F,Robbery,Robbery 1st: Use/Threatens Use of Dangerous Instrument      ,3,Completed,Not Reported,* No Larceny Type Specified *,Gas Station,231,Lake,1
-77.584945853343513,43.168207762239525,44417,"375 Central Park, Rochester, NY, 14605",375 CENTRAL PARK,2018-00056217,2018,3,2339,2018-03-12T23:39:00.000Z,2018,3,2339,2018-03-12T23:39:00.000Z,2018,3,2339,2018-03-13T03:39:00.000Z,375 CENTRAL PARK,Rochester,NY,297,Clinton,Cleared by Arrest - Adult,PL ,120.05   ,02    ,2,D,F,Aggravated Assault,Assault 2nd: Intent To Cause Physical Injury with Weapon/Ins,4,Completed,Blunt Object,* No Larceny Type Specified *,Single Family Home,297,Clinton,7
-77.640174488422986,43.180440533473217,45078,"375 Driving Park Ave, Rochester, NY, 14613",375 DRIVING PARK AVE,2018-00052753,2018,3,1300,2018-03-08T13:00:00.000Z,2018,3,1345,2018-03-08T13:45:00.000Z,2018,3,1520,2018-03-08T20:20:00.000Z,375 DRIVING PARK AVE,Rochester,NY,241,Lake,Office,PL ,155.25   ,      ,0,A,M,Larceny,Petit Larceny                                               ,6,Completed,* No Weapon Specified *,All Other Larcenies,Grocery/Supermarket,241,Lake,1
-77.588080919853311,43.146884643187214,45240,"209 Harvard St, Rochester, NY, 14607",209 HARVARD ST,2018-00050152,2018,3,1630,2018-03-04T16:30:00.000Z,2018,3,0910,2018-03-05T09:10:00.000Z,2018,3,1120,2018-03-05T16:20:00.000Z,209 HARVARD ST,Rochester,NY,245,Goodman,Office,PL ,155.25   ,      ,0,A,M,Larceny,Petit Larceny                                               ,6,Completed,* No Weapon Specified *,Theft from Motor Vehicle,Parking Lot,245,Goodman,5
-77.579579429502701,43.169243560962016,46256,"836 N Goodman St, Rochester, NY, 14609",836 N GOODMAN ST,2018-00055136,2018,3,1500,2018-03-11T15:00:00.000Z,2018,3,1500,2018-03-11T15:00:00.000Z,2018,3,1505,2018-03-11T19:05:00.000Z,836 N GOODMAN ST,Rochester,NY,215,Goodman,Office,PL ,160.15   ,02    ,1,B,F,Robbery,Robbery 1st: Forcible Theft Armed With a Deadly Weapon      ,3,Attempted,Knife/Cutting Instrument,* No Larceny Type Specified *,Parking Lot,215,Goodman,5
-77.579579429502701,43.169243560962016,46257,"836 N Goodman St, Rochester, NY, 14609",836 N GOODMAN ST,2018-00055019,2018,3,1127,2018-03-11T11:27:00.000Z,2018,3,1127,2018-03-11T11:27:00.000Z,2018,3,1127,2018-03-11T15:27:00.000Z,836 N GOODMAN ST,Rochester,NY,215,Goodman,Office,PL ,155.25   ,      ,0,A,M,Larceny,Petit Larceny                                               ,6,Completed,* No Weapon Specified *,Purse-snatching,Other Outside Location,215,Goodman,5
-77.597175653571924,43.194386612343642,49109,"1490 Hudson Ave, Rochester, NY, 14621",1490 HUDSON AVE,2018-00048084,2018,3,1545,2018-03-02T15:45:00.000Z,2018,3,1550,2018-03-02T15:50:00.000Z,2018,3,1550,2018-03-02T20:50:00.000Z,1490 HUDSON AVE,Rochester,NY,207,Clinton,Cleared by Arrest - Adult,PL ,155.25   ,      ,0,A,M,Larceny,Petit Larceny                                               ,6,Completed,* No Weapon Specified *,Shoplifting,Other Retail Store,207,Clinton,7
-77.597175653571924,43.194386612343642,49119,"1490 Hudson Ave, Rochester, NY, 14621",1490 HUDSON AVE,2018-00055296,2018,3,1914,2018-03-11T19:14:00.000Z,2018,3,1914,2018-03-11T19:14:00.000Z,2018,3,1915,2018-03-11T23:15:00.000Z,1490 HUDSON AVE,Rochester,NY,207,Clinton,Cleared by Arrest - Adult,PL ,155.25   ,      ,0,A,M,Larceny,Petit Larceny                                               ,6,Completed,* No Weapon Specified *,Shoplifting,Other Retail Store,207,Clinton,7
-77.597175653571924,43.194386612343642,49120,"1490 Hudson Ave, Rochester, NY, 14621",1490 HUDSON AVE,2018-00055286,2018,3,1700,2018-03-11T17:00:00.000Z,2018,3,1720,2018-03-11T17:20:00.000Z,2018,3,1900,2018-03-11T23:00:00.000Z,1490 HUDSON AVE,Rochester,NY,207,Clinton,Office,PL ,155.30   ,01    ,4,E,F,Larceny,Grand Larceny 4th: Value Property Greater Than $1000        ,6,Completed,* No Weapon Specified *,All Other Larcenies,Parking Lot,207,Clinton,7
-77.583177597931282,43.177144611748339,49456,"67 Clairmount St, Rochester, NY, 14621",67 CLAIRMOUNT ST,2018-00052095,2018,3,1540,2018-03-07T15:40:00.000Z,2018,3,1650,2018-03-07T16:50:00.000Z,2018,3,1721,2018-03-07T22:21:00.000Z,67 CLAIRMOUNT ST,Rochester,NY,267,Clinton,Field,PL ,140.25   ,02    ,2,C,F,Burglary,Burglary 2nd: Illegal Entry: Dwelling                       ,5,Completed,* No Weapon Specified *,* No Larceny Type Specified *,Single Family Home,267,Clinton,7
-77.592081876098348,43.182347176772353,49585,"252 Durnan St, Rochester, NY, 14621",252 DURNAN ST,2018-00049978,2018,3,2200,2018-03-04T22:00:00.000Z,2018,3,0445,2018-03-05T04:45:00.000Z,2018,3,0712,2018-03-05T12:12:00.000Z,252 DURNAN ST,Rochester,NY,237,Clinton,Office,PL ,140.20   ,      ,3,D,F,Burglary,Burglary 3rd: Illegal Entry with Intent to Commit a Crime   ,5,Completed,* No Weapon Specified *,* No Larceny Type Specified *,Single Family Home,237,Clinton,7
-77.638541338277548,43.189717936618578,50295,"1274 Dewey Ave, Rochester, NY, 14613",1274 DEWEY AVE,2018-00051844,2018,3,2100,2018-03-03T21:00:00.000Z,2018,3,2130,2018-03-03T21:30:00.000Z,2018,3,1049,2018-03-07T15:49:00.000Z,1274 DEWEY AVE,Rochester,NY,231,Lake,Exceptional Clearance,PL ,155.25   ,      ,0,A,M,Larceny,Petit Larceny                                               ,6,Completed,* No Weapon Specified *,Theft from Coin-Operated Machine or Device,Barber/Beauty Shop,231,Lake,1
-77.612981113386994,43.157008472103328,51105,"70 State St, Rochester, NY, 14614",70 STATE ST,2018-00047422,2018,3,2030,2018-03-01T20:30:00.000Z,2018,3,2035,2018-03-01T20:35:00.000Z,2018,3,2030,2018-03-02T01:30:00.000Z,70 STATE ST,Rochester,NY,209,Central,Cleared by Arrest - Adult,PL ,160.05   ,      ,3,D,F,Robbery,Robbery 3rd                                                 ,3,Attempted,Other Weapon,* No Larceny Type Specified *,Other Commercial Service Location,209,Central,9
-77.649073455019945,43.169741818692358,52266,"243 Burrows St, Rochester, NY, 14606",243 BURROWS ST,2018-00056205,2018,3,0000,2018-03-13T00:00:00.000Z,2018,3,0008,2018-03-13T00:08:00.000Z,2018,3,0008,2018-03-13T04:08:00.000Z,243 BURROWS ST,Rochester,NY,261,Lake,Cleared by Arrest - Adult,PL ,165.05   ,01    ,3,A,M,Motor Vehicle Theft,Unauthorized Use of a Vehicle: Without Owner Consent        ,7,Completed,* No Weapon Specified *,* No Larceny Type Specified *,Multiple Dwelling,261,Lake,1
-77.60327908778612,43.159266984228175,52644,"111 N Chestnut St, Rochester, NY, 14604",111 N CHESTNUT ST,2018-00049551,2018,3,1110,2018-03-04T11:10:00.000Z,2018,3,1110,2018-03-04T11:10:00.000Z,2018,3,1445,2018-03-04T19:45:00.000Z,111 N CHESTNUT ST,Rochester,NY,219,Central,Office,PL ,155.25   ,      ,0,A,M,Larceny,Petit Larceny                                               ,6,Completed,* No Weapon Specified *,All Other Larcenies,Other Outside Location,219,Central,9
-77.59096838311163,43.166111786612959,52977,"285 N Union St, Rochester, NY, 14605",285 N UNION ST,2018-00054259,2018,3,2200,2018-03-09T22:00:00.000Z,2018,3,1000,2018-03-10T10:00:00.000Z,2018,3,1049,2018-03-10T15:49:00.000Z,285 N UNION ST,Rochester,NY,297,Clinton,Office,PL ,155.25   ,      ,0,A,M,Larceny,Petit Larceny                                               ,6,Completed,* No Weapon Specified *,All Other Larcenies,Other Outside Location,297,Clinton,7
-77.637834859304363,43.132745195767285,53608,"276 Barton St, Rochester, NY, 14619",276 BARTON ST,2018-00053336,2018,3,1600,2018-03-08T16:00:00.000Z,2018,3,0645,2018-03-09T06:45:00.000Z,2018,3,0653,2018-03-09T11:53:00.000Z,276 BARTON ST,Rochester,NY,253,Genesee,Office,PL ,140.20   ,      ,3,D,F,Burglary,Burglary 3rd: Illegal Entry with Intent to Commit a Crime   ,5,Completed,* No Weapon Specified *,* No Larceny Type Specified *,Single Family Home,253,Genesee,3
-77.595478879882094,43.153470143617028,55920,"277 Alexander St, Rochester, NY, 14607",277 ALEXANDER ST,2018-00050887,2018,3,2200,2018-03-05T22:00:00.000Z,2018,3,0830,2018-03-06T08:30:00.000Z,2018,3,0831,2018-03-06T13:31:00.000Z,277 ALEXANDER ST,Rochester,NY,219,Central,Office,PL ,155.25   ,      ,0,A,M,Larceny,Petit Larceny                                               ,6,Completed,* No Weapon Specified *,Theft from Motor Vehicle,Street,219,Central,9
-77.573103105311844,43.166375323654314,56580,"161 Melville St, Rochester, NY, 14609",161 MELVILLE ST,2018-00054892,2018,3,0407,2018-03-11T04:07:00.000Z,2018,3,0407,2018-03-11T04:07:00.000Z,2018,3,0407,2018-03-11T08:07:00.000Z,161 MELVILLE ST,Rochester,NY,215,Goodman,Cleared by Arrest - Adult,PL ,120.05   ,02    ,2,D,F,Aggravated Assault,Assault 2nd: Intent To Cause Physical Injury with Weapon/Ins,4,Completed,Blunt Object,* No Larceny Type Specified *,Single Family Home,215,Goodman,5
-77.672427720761377,43.177811519854735,58391,"655 Colfax St, Rochester, NY, 14606",655 COLFAX ST,2018-00050297,2018,3,1124,2018-03-05T11:24:00.000Z,2018,3,1150,2018-03-05T11:50:00.000Z,2018,3,1400,2018-03-05T19:00:00.000Z,655 COLFAX ST,Rochester,NY,241,Lake,Cleared by Arrest - Adult,PL ,155.25   ,      ,0,A,M,Larceny,Petit Larceny                                               ,6,Completed,* No Weapon Specified *,All Other Larcenies,School,241,Lake,1
-77.620736447729342,43.181425862452905,59444,"220 Avenue E, Rochester, NY, 14621",220 AVENUE E,2018-00048658,2018,3,1101,2018-03-03T11:01:00.000Z,2018,3,1101,2018-03-03T11:01:00.000Z,2018,3,1101,2018-03-03T16:01:00.000Z,220 AVENUE E,Rochester,NY,217,Clinton,Cleared by Arrest - Adult,PL ,120.14   ,01    ,2,A,M,Aggravated Assault,Menacing 2nd: Weapon                                        ,4,Completed,Knife/Cutting Instrument,* No Larceny Type Specified *,Single Family Home,217,Clinton,7
-77.63580635347941,43.147241591793595,61077,"154 Genesee St, Rochester, NY, 14611",154 GENESEE ST,2018-00048389,2018,3,2250,2018-03-02T22:50:00.000Z,2018,3,2250,2018-03-02T22:50:00.000Z,2018,3,2250,2018-03-03T03:50:00.000Z,154 GENESEE ST,Rochester,NY,223,Genesee,Field,PL ,160.15   ,04    ,1,B,F,Robbery,Robbery 1st: Displays What Appears To Be a Firearm          ,3,Completed,Semiautomatic Handgun,* No Larceny Type Specified *,Street,223,Genesee,3
-77.607624412896513,43.15959945179759,61849,"113 N Clinton Ave, Rochester, NY, 14604",113 N CLINTON AVE,2018-00053828,2018,3,0000,2018-03-09T00:00:00.000Z,2018,3,1830,2018-03-09T18:30:00.000Z,2018,3,1843,2018-03-09T23:43:00.000Z,113 N CLINTON AVE,Rochester,NY,219,Central,Office,PL ,155.25   ,      ,0,A,M,Larceny,Petit Larceny                                               ,6,Completed,* No Weapon Specified *,Theft from Building,Multiple Dwelling,219,Central,9
-77.640311153692409,43.125216725237223,62111,"1301 Genesee St, Rochester, NY, 14611",1301 GENESEE ST,2018-00052505,2018,3,1700,2018-03-06T17:00:00.000Z,2018,3,1700,2018-03-06T17:00:00.000Z,2018,3,0930,2018-03-08T14:30:00.000Z,1301 GENESEE ST,Rochester,NY,243,Genesee,Warrant Application,PL ,165.05   ,01    ,3,A,M,Motor Vehicle Theft,Unauthorized Use of a Vehicle: Without Owner Consent        ,7,Completed,* No Weapon Specified *,* No Larceny Type Specified *,Street,243,Genesee,3
-77.565702533427853,43.167690639121943,62230,"376 Hazelwood Ter, Rochester, NY, 14609",376 HAZELWOOD TER,2018-00055945,2018,3,1637,2018-03-12T16:37:00.000Z,2018,3,1637,2018-03-12T16:37:00.000Z,2018,3,1637,2018-03-12T20:37:00.000Z,376 HAZELWOOD TER,Rochester,NY,215,Goodman,Warrant Application,PL ,120.14   ,01    ,2,A,M,Aggravated Assault,Menacing 2nd: Weapon                                        ,4,Completed,Knife/Cutting Instrument,* No Larceny Type Specified *,Multiple Dwelling,215,Goodman,5
-77.572183435319928,43.174151136671988,62306,"284 Ellison St, Rochester, NY, 14609",284 ELLISON ST,2018-00047088,2018,3,1204,2018-03-01T12:04:00.000Z,2018,3,1204,2018-03-01T12:04:00.000Z,2018,3,1204,2018-03-01T17:04:00.000Z,284 ELLISON ST,Rochester,NY,205,Goodman,Office,PL ,155.30   ,08    ,4,E,F,Motor Vehicle Theft,Grand Larceny 4th: Motor Vehicle Value Exceeds $100         ,7,Completed,* No Weapon Specified *,Motor Vehicle Theft,Street,205,Goodman,5
-77.624357925720261,43.123607946274468,63965,"601 Elmwood Ave, Rochester, NY, 14620",601 ELMWOOD AVE,2018-00053474,2018,3,1035,2018-03-09T10:35:00.000Z,2018,3,1040,2018-03-09T10:40:00.000Z,2018,3,1042,2018-03-09T15:42:00.000Z,601 ELMWOOD AVE,Rochester,NY,263,Genesee,Office,PL ,155.25   ,      ,0,A,M,Larceny,Petit Larceny                                               ,6,Completed,* No Weapon Specified *,All Other Larcenies,Hospital,263,Genesee,3
-77.624357925720261,43.123607946274468,63966,"601 Elmwood Ave, Rochester, NY, 14620",601 ELMWOOD AVE,2018-00051133,2018,3,1515,2018-03-05T15:15:00.000Z,2018,3,1300,2018-03-06T13:00:00.000Z,2018,3,1511,2018-03-06T20:11:00.000Z,601 ELMWOOD AVE,Rochester,NY,263,Genesee,Office,PL ,155.25   ,      ,0,A,M,Larceny,Petit Larceny                                               ,6,Completed,* No Weapon Specified *,All Other Larcenies,Other Outside Location,263,Genesee,3
-77.593983096909099,43.145457410998752,64631,"15 Edmonds St, Rochester, NY, 14607",15 EDMONDS ST,2018-00054361,2018,3,2330,2018-03-09T23:30:00.000Z,2018,3,1300,2018-03-10T13:00:00.000Z,2018,3,1345,2018-03-10T18:45:00.000Z,15 EDMONDS ST,Rochester,NY,265,Goodman,Office,PL ,155.25   ,      ,0,A,M,Larceny,Petit Larceny                                               ,6,Completed,* No Weapon Specified *,Theft from Motor Vehicle,Street,265,Goodman,5
-77.574707720851137,43.159860483198237,64679,"139 Breck St, Rochester, NY, 14609",139 BRECK ST,2018-00048774,2018,3,0900,2018-03-03T09:00:00.000Z,2018,3,1400,2018-03-03T14:00:00.000Z,2018,3,1410,2018-03-03T19:10:00.000Z,139 BRECK ST,Rochester,NY,225,Goodman,Office,PL ,155.25   ,      ,0,A,M,Larceny,Petit Larceny                                               ,6,Completed,* No Weapon Specified *,All Other Larcenies,Other Outside Location,225,Goodman,5
-77.580281894167243,43.169314741293725,64810,"35 Wabash St, Rochester, NY, 14609",35 WABASH ST,2018-00053029,2018,3,2024,2018-03-08T20:24:00.000Z,2018,3,2024,2018-03-08T20:24:00.000Z,2018,3,2024,2018-03-09T01:24:00.000Z,35 WABASH ST,Rochester,NY,297,Clinton,Field,PL ,120.10   ,01    ,1,B,F,Aggravated Assault,Assault 1st: Intent To Cause Serious Injury With Weapon     ,4,Completed,Semiautomatic Handgun,* No Larceny Type Specified *,Street,297,Clinton,7
-77.604847419652032,43.185536517675629,64971,"40 Moulson St, Rochester, NY, 14621",40 MOULSON ST,2018-00050574,2018,3,0000,2018-03-01T00:00:00.000Z,2018,3,1830,2018-03-05T18:30:00.000Z,2018,3,1840,2018-03-05T23:40:00.000Z,40 MOULSON ST,Rochester,NY,227,Clinton,Office,PL ,155.30   ,07    ,4,E,F,Larceny,Grand Larceny 4th: Firearms/Rifles/Shotguns                 ,6,Completed,* No Weapon Specified *,All Other Larcenies,Single Family Home,227,Clinton,7
-77.572079177828286,43.176088105890656,65362,"1856 Clifford Ave, Rochester, NY, 14609",1856 CLIFFORD AVE,2018-00053577,2018,3,1200,2018-03-06T12:00:00.000Z,2018,3,1215,2018-03-06T12:15:00.000Z,2018,3,1319,2018-03-09T18:19:00.000Z,1856 CLIFFORD AVE,Rochester,NY,205,Goodman,Cleared by Arrest - Adult,PL ,155.25   ,      ,0,A,M,Larceny,Petit Larceny                                               ,6,Completed,* No Weapon Specified *,All Other Larcenies,Multiple Dwelling,205,Goodman,5
-77.561949492196405,43.147536068985374,65792,"1600 East Ave, Rochester, NY, 14610",1600 EAST AVE,2018-00050078,2018,3,1700,2018-03-02T17:00:00.000Z,2018,3,1800,2018-03-02T18:00:00.000Z,2018,3,0955,2018-03-05T14:55:00.000Z,1600 EAST AVE,Rochester,NY,255,Goodman,Office,PL ,155.25   ,      ,0,A,M,Larceny,Petit Larceny                                               ,6,Completed,* No Weapon Specified *,Theft of Motor Vehicle Parts or Accessories,Other Outside Location,255,Goodman,5
-77.648760153674715,43.134068142249625,66567,"53 Enterprise St, Rochester, NY, 14619",53 ENTERPRISE ST,2018-00049569,2018,3,1633,2018-03-04T16:33:00.000Z,2018,3,1633,2018-03-04T16:33:00.000Z,2018,3,1633,2018-03-04T21:33:00.000Z,53 ENTERPRISE ST,Rochester,NY,243,Genesee,Warrant Advised,PL ,120.14   ,01    ,2,A,M,Aggravated Assault,Menacing 2nd: Weapon                                        ,4,Completed,Knife/Cutting Instrument,* No Larceny Type Specified *,Single Family Home,243,Genesee,3
-77.593559513976089,43.159835327290445,66646,"699 E Main St, Rochester, NY, 14605",699 E MAIN ST,2018-00051722,2018,3,1900,2018-03-06T19:00:00.000Z,2018,3,0945,2018-03-07T09:45:00.000Z,2018,3,1000,2018-03-07T15:00:00.000Z,699 E MAIN ST,Rochester,NY,225,Goodman,Office,PL ,155.25   ,      ,0,A,M,Larceny,Petit Larceny                                               ,6,Completed,* No Weapon Specified *,Theft from Motor Vehicle,Parking Lot,225,Goodman,5
-77.651017893269938,43.150995602685342,67759,"450 West Ave, Rochester, NY, 14611",450 WEST AVE,2018-00054298,2018,3,1130,2018-03-10T11:30:00.000Z,2018,3,1130,2018-03-10T11:30:00.000Z,2018,3,1130,2018-03-10T16:30:00.000Z,450 WEST AVE,Rochester,NY,203,Genesee,Cleared by Arrest - Adult,PL ,155.25   ,      ,0,A,M,Larceny,Petit Larceny                                               ,6,Completed,* No Weapon Specified *,Shoplifting,Grocery/Supermarket,203,Genesee,3
-77.651017893269938,43.150995602685342,67760,"450 West Ave, Rochester, NY, 14611",450 WEST AVE,2018-00053584,2018,3,1343,2018-03-09T13:43:00.000Z,2018,3,1343,2018-03-09T13:43:00.000Z,2018,3,1343,2018-03-09T18:43:00.000Z,450 WEST AVE,Rochester,NY,203,Genesee,Cleared by Arrest - Adult,PL ,155.25   ,      ,0,A,M,Larceny,Petit Larceny                                               ,6,Completed,* No Weapon Specified *,Shoplifting,Grocery/Supermarket,203,Genesee,3
-77.651017893269938,43.150995602685342,67761,"450 West Ave, Rochester, NY, 14611",450 WEST AVE,2018-00048972,2018,3,1700,2018-03-03T17:00:00.000Z,2018,3,1715,2018-03-03T17:15:00.000Z,2018,3,1835,2018-03-03T23:35:00.000Z,450 WEST AVE,Rochester,NY,203,Genesee,Office,PL ,155.25   ,      ,0,A,M,Larceny,Petit Larceny                                               ,6,Completed,* No Weapon Specified *,Theft from Motor Vehicle,Parking Lot,203,Genesee,3
-77.633133677574648,43.134025240455529,68273,"773 Seward St, Rochester, NY, 14611",773 SEWARD ST,2018-00047392,2018,3,1700,2018-03-01T17:00:00.000Z,2018,3,1930,2018-03-01T19:30:00.000Z,2018,3,2010,2018-03-02T01:10:00.000Z,773 SEWARD ST,Rochester,NY,253,Genesee,Office,PL ,155.30   ,01    ,4,E,F,Larceny,Grand Larceny 4th: Value Property Greater Than $1000        ,6,Completed,* No Weapon Specified *,Theft from Motor Vehicle,Other Outside Location,253,Genesee,3
-77.623961485974647,43.164213651369685,68756,"294 Smith St, Rochester, NY, 14608",294 SMITH ST,2018-00049644,2018,3,1616,2018-03-04T16:16:00.000Z,2018,3,1616,2018-03-04T16:16:00.000Z,2018,3,1616,2018-03-04T21:16:00.000Z,294 SMITH ST,Rochester,NY,209,Central,Office,PL ,140.25   ,02    ,2,C,F,Burglary,Burglary 2nd: Illegal Entry: Dwelling                       ,5,Completed,* No Weapon Specified *,* No Larceny Type Specified *,Multiple Dwelling,209,Central,9
-77.630956516767071,43.137758010641967,69299,"297 Magnolia St, Rochester, NY, 14611",297 MAGNOLIA ST,2018-00050453,2018,3,1653,2018-03-05T16:53:00.000Z,2018,3,1653,2018-03-05T16:53:00.000Z,2018,3,1653,2018-03-05T21:53:00.000Z,297 MAGNOLIA ST,Rochester,NY,253,Genesee,Office,PL ,155.25   ,      ,0,A,M,Larceny,Petit Larceny                                               ,6,Completed,* No Weapon Specified *,All Other Larcenies,Multiple Dwelling,253,Genesee,3
-77.6050911252959,43.152478007749082,71866,"75 Woodbury Blvd, Rochester, NY, 14607",75 WOODBURY BLVD,2018-00046706,2018,2,1915,2018-02-28T19:15:00.000Z,2018,2,2150,2018-02-28T21:50:00.000Z,2018,2,2256,2018-03-01T03:56:00.000Z,75 WOODBURY BLVD,Rochester,NY,219,Central,Office,PL ,155.25   ,      ,0,A,M,Larceny,Petit Larceny                                               ,6,Completed,* No Weapon Specified *,Theft from Motor Vehicle,Parking Lot,219,Central,9
-77.576902013080542,43.183721351722312,72401,"2 Perkins Ave, Rochester, NY, 14609",2 PERKINS AVE,2018-00049426,2018,3,0425,2018-03-04T04:25:00.000Z,2018,3,0430,2018-03-04T04:30:00.000Z,2018,3,0913,2018-03-04T14:13:00.000Z,2 PERKINS AVE,Rochester,NY,237,Clinton,Office,PL ,160.05   ,      ,3,D,F,Robbery,Robbery 3rd                                                 ,3,Attempted,Personal Weapons,* No Larceny Type Specified *,Street,237,Clinton,7
-77.590617315948876,43.175751199153801,73761,"540 Portland Ave, Rochester, NY, 14621",540 PORTLAND AVE,2018-00050513,2018,3,0423,2018-03-03T04:23:00.000Z,2018,3,1500,2018-03-05T15:00:00.000Z,2018,3,1724,2018-03-05T22:24:00.000Z,540 PORTLAND AVE,Rochester,NY,267,Clinton,Office,PL ,155.30   ,04    ,4,E,F,Larceny,Grand Larceny 4th: Credit Card                              ,6,Completed,* No Weapon Specified *,All Other Larcenies,Gas Station,267,Clinton,7
-77.61403454670527,43.25894236634084,77143,"65 Alpha St, Rochester, NY, 14612",65 ALPHA ST,2018-00054054,2018,3,0035,2018-03-10T00:35:00.000Z,2018,3,0035,2018-03-10T00:35:00.000Z,2018,3,0039,2018-03-10T05:39:00.000Z,65 ALPHA ST,Rochester,NY,201,Lake,Cleared by Arrest - Juvenile,PL ,155.30   ,08    ,4,E,F,Motor Vehicle Theft,Grand Larceny 4th: Motor Vehicle Value Exceeds $100         ,7,Completed,* No Weapon Specified *,Motor Vehicle Theft,Single Family Home,201,Lake,1
-77.584798233170559,43.173849321125822,77739,"31 Coleman Ter, Rochester, NY, 14605",31 COLEMAN TER,2018-00047435,2018,3,2050,2018-03-01T20:50:00.000Z,2018,3,2050,2018-03-01T20:50:00.000Z,2018,3,2054,2018-03-02T01:54:00.000Z,31 COLEMAN TER,Rochester,NY,267,Clinton,Warrant Advised,PL ,120.14   ,01    ,2,A,M,Aggravated Assault,Menacing 2nd: Weapon                                        ,4,Completed,Knife/Cutting Instrument,* No Larceny Type Specified *,Yard,267,Clinton,7
-77.613350030678603,43.254528083297515,77970,"4575 Lake Ave, Rochester, NY, 14612",4575 LAKE AVE,2018-00050889,2018,3,0700,2018-03-01T07:00:00.000Z,2018,3,0700,2018-03-06T07:00:00.000Z,2018,3,0909,2018-03-06T14:09:00.000Z,4575 LAKE AVE,Rochester,NY,201,Lake,Office,PL ,155.25   ,      ,0,A,M,Larceny,Petit Larceny                                               ,6,Completed,* No Weapon Specified *,All Other Larcenies,Multiple Dwelling,201,Lake,1
-77.570657898093998,43.231938314883578,78100,"1200 North Kings Hwy, Rochester, NY, 14617",1200 N KINGS HWY,2018-00050105,2018,3,1600,2018-03-04T16:00:00.000Z,2018,3,1630,2018-03-04T16:30:00.000Z,2018,3,1030,2018-03-05T15:30:00.000Z,1200 N KINGS HWY,Rochester,NY,***,***,Office,PL ,155.25   ,      ,0,A,M,Larceny,Petit Larceny                                               ,6,Completed,* No Weapon Specified *,All Other Larcenies,Other Outside Location,205,Goodman,5
